artigoEmPeriodico	Adriano Jose Ferruzzi	2023	2595-2277		Detecção de Ataques DDoS por Meio de Aprendizado de Máquina	Qualif	RODRIGUES, A. L. ; CASAGRANDE, H. F. ; GOMES, J. P. M. ; PASSOS, P. L. A. ; FERRUZZI, A. J. ; FERREIRA, R. S.		
artigoEmPeriodico	Adriano Jose Ferruzzi	2022	2595-2277		Cyber Security Information: aplicação web para a democratização do acesso aos conteúdos relacionados à cibersegurança	Qualif	FERRAZ, R. G. ; MARQUES, V. G. ; SOUZA, A. B. S. E. ; FERREIRA, R. S. ; FERRUZZI, A. J.		
artigoEmPeriodico	Adriano Jose Ferruzzi	2020	2045-2322	http://dx.doi.org/10.1038/s41598-020-76488-2	SARS-CoV-2 receptor is co-expressed with elements of the kinin-kallikrein, renin-angiotensin and coagulation systems in alveolar cells	Scientific Reports	SIDARTA-OLIVEIRA, DAVI ; JARA, CARLOS POBLETE ; FERRUZZI, ADRIANO J. ; SKAF, MUNIR S. ; VELANDER, WILLIAM H. ; ARAUJO, ELIANA P. ; VELLOSO, LICIO A.		
trabalhoCompletoEmCongresso	Adriano Jose Ferruzzi	2020	http://dx.doi.org/10.5753/wcga.2020.12444	Análise do Comportamento de Aplicações Paralelas em Ambientes de Computação de Alto Desempenho Virtualizados	XVIII Workshop em Clouds e Aplicações	FERRUZZI, ADRIANO JOSÉ; ROTHENBERG, CHRISTIAN ESTEVE ; MARTINEZ, LEANDRO		
resumoExpandidoEmCongresso	Adriano Jose Ferruzzi	2023	Detecção de Ataques DDoS por Meio de Aprendizado de Máquina	Conict - Congresso de Inovação, Ciência e Tecnologia, 2023, Capivari. CONICT - Congresso de Inovação, Ciência e Tecnologia 14º CONGRESSO DE INOVAÇÃO, CIÊNCIA E TECNOLOGIA DO IFSP	RODRIGUES, A. L. ; CASAGRANDE, H. F. ; GOMES, J. P. M. ; PASSOS, P. L. A. ; FERREIRA, R. S. ; FERRUZZI, A. J.		
resumoExpandidoEmCongresso	Adriano Jose Ferruzzi	2023	Mineração de dados de feedbacks de clientes por meio da apresentação de nuvem de palavras	CONICT - Congresso de Inovação, Ciência e Tecnologia, 2023, Capivari. CONICT - Congresso de Inovação, Ciência e Tecnologia 14º CONGRESSO DE INOVAÇÃO, CIÊNCIA E TECNOLOGIA DO IFSP	GAMBOA, Y. C. ; DIAS, N. S. ; SOUZA, C. B. ; OLIVEIRA, V. S. A. ; FERREIRA, R. S. ; FERRUZZI, A. J.		
resumoExpandidoEmCongresso	Adriano Jose Ferruzzi	2023	Análise Preditiva de Mensagens Falsas em Redes Sociais Relacionados à Vacina de Covid-19	CONICT - Congresso de Inovação, Ciência e Tecnologia, 2023, Capivari. CONICT - Congresso de Inovação, Ciência e Tecnologia 14º CONGRESSO DE INOVAÇÃO, CIÊNCIA E TECNOLOGIA DO IFSP	MARINHO, E. L. ; ALMEIDA, D. L. ; VIEIRA, V. M. ; FERRUZZI, A. J. ; HOMEM, T. P. D.		
trabalhoCompletoEmCongresso	André Luiz Favareto	2021		Uma Revisão da Literatura sobre Soluções Ligadas às Expressões Emocionais em Ambientes Virtuais de Aprendizagem	Anais do Workshop de Computação da UNIFACCAMP	FAVARETO, A. L.; BONACIN, R.		
artigoEmPeriodico	Fabio Oliveira Teixeira	2021	1900-6586	http://dx.doi.org/10.21830/19006586.725	Aplicación de inteligencia artificial para monitorear el uso de mascarillas de protección	Revista colombiana de estudios militares y estratégicos	Junior, AP ; HOMEM, T. P. D. ; TEIXEIRA, F. O.		
artigoEmPeriodico	Fabio Oliveira Teixeira	2021	2595-2277		A Modelagem Computacional no Processo de Aprendizagem de Doenças como o Câncer Pulmonar	Qualif: Revista Acadêmica - Ensino de Ciências e Tecnologias	SILVA, A. O. B. ; ARAUJO, E. S. ; LEITE, I. G. ; VIEIRA, K. S. ; SILVA, S. C. ; SANTOS, L. C. M. ; TEIXEIRA, F. O.		
artigoEmPeriodico	Fabio Oliveira Teixeira	2018	2595-5748		HIPERMÍDIAS PARA O ENSINO DE ENFERMAGEM EM AMBIENTE DIGITAL DE APRENDIZAGEM	Brazilian Journal of Technology	LUNA, I. T. ; PINHEIRO, P. N. C. ; TEIXEIRA, F. O.		
artigoEmPeriodico	Fabio Oliveira Teixeira	2017	2175-4411		Sentiment Analysis of Twitter?s Health Messages in Brazilian Portuguese	journal of health informatics	ARAUJO, G. D. ; TEIXEIRA, F. O. ; MANCINI, F. ; Guimarães, Marcelo de Paiva ; PISA, I. T.		
artigoEmPeriodico	Fabio Oliveira Teixeira	2015	0165-5515	http://dx.doi.org/10.1177/0165551515605742	Applying the semantic web to represent an individual's academic and professional background	Journal of Information Science	TEIXEIRA, F. O.; ARAUJO, G. D. ; BAPTISTA, R. ; Araújo, L.V. ; PISA, I. T.		
artigoEmPeriodico	Fabio Oliveira Teixeira	2012	2175-4411		Categorização automática de conteúdos web de saúde em português brasileiro com classificador bayesiano	Journal of Health Informatics	Sousa, Fernando Sequeira ; TEIXEIRA, F. O. ; Mancini, Felipe ; Falcão, Alex Esteves Jaccoud ; Hummel, Anderson Diniz ; Nunes, Fátima de Lourdes dos Santos ; Sigulem, Daniel ; Pisa, Ivan Torres		
artigoEmPeriodico	Fabio Oliveira Teixeira	2012	2175-4411	http://www.scopus.com/scopus/inward/citedby.url?partnerID=bb5nvXTn&rel=R6.0.0&doi=null&md5=f8a2d9f8af7e0fb17f9968fbbee28b49	Análise de sentimentos sobre temas de saúde em mídia social	Journal of Health Informatics	Araujo, Gabriela Denise ; Sousa, Fernando Sequeira ; TEIXEIRA, F. O. ; Mancini, Felipe ; De Domenio, Edvane BL ; Guimarães, Marcelo de Paiva ; Pisa, Ivan Torres		
artigoEmPeriodico	Fabio Oliveira Teixeira	2011	0041-1345	http://dx.doi.org/10.1016/j.transproceed.2011.02.028	Application of the Intelligent Techniques in Transplantation Databases: A Review of Articles Published in 2009 and 2010	Transplantation Proceedings	Sousa, F.S. ; HUMMEL, A. D. ; MACIEL, R.F. ; Cohrs, F.M. ; FALCÃO, A. E. J. ; TEIXEIRA, F. O. ; FALCÃO, AEJ ; BAPTISTA, R. ; MANCINI, F. ; COSTA, T. M. ; ALVES, D. ; PISA, I. T.		
artigoEmPeriodico	Fabio Oliveira Teixeira	2011	0041-1345	http://dx.doi.org/10.1016/j.transproceed.2011.02.029	Artificial Intelligence Techniques: Predicting Necessity for Biopsy in Renal Transplant Recipients Suspected of Acute Cellular Rejection or Nephrotoxicity	Transplantation Proceedings	HUMMEL, A. D. ; MACIEL, R.F. ; Sousa, F.S. ; Cohrs, F.M. ; FALCÃO, A. E. J. ; TEIXEIRA, F. O. ; FALCÃO, A.E.J. ; BAPTISTA, R. ; MANCINI, F. ; COSTA, T. M. ; ALVES, D. ; RODRIGUES, R.G.S. ; Miranda, R ; PISA, I. T.		
artigoEmPeriodico	Fabio Oliveira Teixeira	2011	2175-4411		Análise da percepção de usuários sobre a qualidade de websites em saúde comparada com os critérios de adequação da HON	Journal of Health Informatics	Falcão, Alex Esteves Jaccoud ; Mancini, Felipe ; TEIXEIRA, F. O. ; Sousa, Fernando Sequeira ; Hummel, Anderson Diniz ; Aureliano, Kellen Cristine ; Costa, Thiago Martini da ; Sigulem, Daniel ; Pisa, Ivan Torres		
artigoEmPeriodico	Fabio Oliveira Teixeira	2011	2175-4411		Similarity-based scoring method for classification of Health Informatics content	Journal of Health Informatics	TEIXEIRA, F. O.; FALCÃO, A. E. J. ; Sousa, F.S. ; HUMMEL, A. D. ; COSTA, T. M. ; MANCINI, F. ; Araújo, L.V. ; PISA, I. T.		
artigoEmPeriodico	Fabio Oliveira Teixeira	2010	1678-3387		Aplicação de técnicas computacionais em bases de dados de transplante: revisão de artigos publicados no biênio 2007-2007	JBT. Jornal Brasileiro de Transplantes	HUMMEL, A. D. ; MACIEL, R.F. ; FALCÃO, A. E. J. ; TEIXEIRA, F. O. ; FALCÃO, AEJ ; MANCINI, F. ; COSTA, T. M. ; Cohrs, F.M. ; Sousa, F.S. ; PISA, I. T.		
artigoEmPeriodico	Fabio Oliveira Teixeira	2010	2175-4411		Aplicação de Técnicas de Inteligência Artificial em Transplantes Renais: Classificadores Automáticos para Nefrotoxicidade e Rejeição Celular Aguda.	Journal of Health Informatics	MACIEL, R.F. ; HUMMEL, A. D. ; Cohrs, F.M. ; MANCINI, F. ; FALCÃO, A. E. J. ; TEIXEIRA, F. O. ; FALCÃO, AEJ ; COSTA, T. M. ; Sousa, F.S. ; ALVES, D. ; Miranda, R ; PISA, I. T.		
artigoEmPeriodico	Fabio Oliveira Teixeira	2010	1532-0464	http://dx.doi.org/10.1016/j.jbi.2010.12.002	Use of Medical Subject Headings (MeSH) in Portuguese for categorizing web-based healthcare content	Journal of Biomedical Informatics	MANCINI, Felipe ; Sousa, Fernando Sequeira ; TEIXEIRA, F. O. ; Falcão, Alex Esteves Jacoud ; Hummel, Anderson Diniz ; da Costa, Thiago Martini ; Calado, Pável Pereira ; de Araújo, Luciano Vieira ; Pisa, Ivan Torres		
artigoEmPeriodico	Fabio Oliveira Teixeira	2009	2175-4411		InDeCS: Método Automatizado de Classificação de Páginas Web de Saúde Usando Mineração de Texto e Descritores em Ciências da Saúde (DeCS)	Journal of Health Informatics	FALCAO, AEJ ; M., Felipe ; COSTA, T. M. ; HUMMEL, A. D. ; TEIXEIRA, F. O. ; Sigulem, Daniel ; P., Ivan Torres		
artigoEmPeriodico	Fabio Oliveira Teixeira	2008	1677-499X		Gerenciamento de Projetos e automatização de seus Processos nas Organizações	Sinergia (CEFETSP)	CAMARGO, R. ; TEIXEIRA, F. O. ; LIRA, M.		
trabalhoCompletoEmCongresso	Fabio Oliveira Teixeira	2020		Aplicação de visão computacional para o monitoramento do uso de máscaras de proteção	CONICT - Congresso de Inovação	Junior, AP ; TEIXEIRA, F. O. ; HOMEM, T. P. D.		
trabalhoCompletoEmCongresso	Fabio Oliveira Teixeira	2014		Hipermídia como ferramenta para prática de ensino em enfermagem centrada no aluno	IX Encontro Luso-Brasileiro de Enfermagem	MARINHO, A. M. ; LUNA, I. T. ; SILVA, M. P. F. ; TEIXEIRA, F. O. ; PINHEIRO, P. N. C.		
trabalhoCompletoEmCongresso	Fabio Oliveira Teixeira	2012		Multirrotulação automática de páginas web de saúde: uma avaliação preliminar da percepção humana	WIM2012 - XII Workshop de Informática Médica / XXXII Congresso da Sociedade Brasileira de Computação	Sousa, Fernando Sequeira ; MANCINI, Felipe ; TEIXEIRA, F. O. ; ARAUJO, G. D. ; Nunes, Fátima de Lourdes dos Santos ; P., Ivan Torres		
trabalhoCompletoEmCongresso	Fabio Oliveira Teixeira	2012		Indexação de artigos científicos de Informática em Saúde por meio da competição de técnicas de extração de características	WIM2012 - XII Workshop de Informática Médica / XXXII Congresso da Sociedade Brasileira de Computação	TEIXEIRA, F. O.; Sousa, Fernando Sequeira ; ARAUJO, G. D. ; MANCINI, Felipe ; Araújo, L.V. ; P., Ivan Torres		
trabalhoCompletoEmCongresso	Fabio Oliveira Teixeira	2010		A method for automatic content classification in health informatics based on specialized thesaurus	13th World Congress on Medical and Health Informatics	TEIXEIRA, F. O.; FALCÃO, A. E. J. ; HUMMEL, A. D. ; MANCINI, F. ; COSTA, T. M. ; Fernando Sequeira Sousa ; ALVES, D. ; P., Ivan Torres		
trabalhoCompletoEmCongresso	Fabio Oliveira Teixeira	2010		Using a Health Informatics Thesaurus for automatic labeling articles	XII Congresso Brasileiro de Informática em Saúde	TEIXEIRA, F. O.; FALCÃO, A. E. J. ; HUMMEL, A. D. ; MANCINI, F. ; COSTA, T. M. ; Fernando Sequeira Sousa ; Fatima de Lourdes dos Santos Nunes ; PISA, I. T.		
trabalhoCompletoEmCongresso	Fabio Oliveira Teixeira	2010		Analysis of the Use of Social Media for Adequacy Evaluation of Health Related Websites Based on Health on Net Code	13th World Congress on Medical and Health Informatics	FALCÃO, A. E. J. ; M., Felipe ; TEIXEIRA, F. O. ; Fernando Sequeira Sousa ; HUMMEL, A. D. ; Sigulem, Daniel ; PISA, I. T.		
trabalhoCompletoEmCongresso	Fabio Oliveira Teixeira	2010		Application of artificial intelligence techniques in renal transplantation: classification of nephrotoxicity and acute cellular rejection	13th World Congress on Medical and Health Informatics	HUMMEL, A. D. ; MACIEL, R.F. ; M., Felipe ; Fernando Sequeira Sousa ; COHRS, F. M. ; FALCÃO, A. E. J. ; TEIXEIRA, F. O. ; ALVES, D. ; P., Ivan Torres		
trabalhoCompletoEmCongresso	Fabio Oliveira Teixeira	2010		Brazilian health-related content web search portal development	13th World Congress on Medical and Health Informatics	M., Felipe ; FALCÃO, A. E. J. ; HUMMEL, A. D. ; TEIXEIRA, F. O. ; Sousa, F.S. ; COSTA, T. M. ; PISA, I. T.		
trabalhoCompletoEmCongresso	Fabio Oliveira Teixeira	2010		APLICAÇÃO DE TÉCNICAS INTELIGENTES EM BASES DE DADOS DE TRANSPLANTES: UMA REVISÃO DE ARTIGOS PUBLICADOS EM 2009 E 2010	VI Congresso Brasileiro de Transplantes de Fígado e Pâncreas	Sousa, F.S. ; HUMMEL, A. D. ; MACIEL, R.F. ; COHRS, F. M. ; FALCÃO, A. E. J. ; TEIXEIRA, F. O. ; BAPTISTA, R. ; COSTA, T. M. ; ALVES, D. ; P., Ivan Torres		
trabalhoCompletoEmCongresso	Fabio Oliveira Teixeira	2010		CATEGORIZAÇÃO DE CONTEÚDOS WEB RELACIONADOS À SAÚDE: UMA ABORDAGEM VETORIAL	XII Congresso Brasileiro de Informática em Saúde - CBIS 2010	Sousa, F.S. ; M., Felipe ; HUMMEL, A. D. ; TEIXEIRA, F. O. ; FALCÃO, A. E. J. ; COSTA, T. M. ; COHRS, F. M. ; Fatima de Lourdes dos Santos Nunes ; P., Ivan Torres		
trabalhoCompletoEmCongresso	Fabio Oliveira Teixeira	2010		Avaliação da Aplicação da Web 2.0 para Verificação de Critérios de recomendação para Websites do Domínio da Saúde com base no Health On Net	XII Congresso Brasileiro de Informática em Saúde - CBIS	FALCÃO, A. E. J. ; M., Felipe ; TEIXEIRA, F. O. ; Sousa, F.S. ; HUMMEL, A. D. ; AURELIANO, K. C. ; SIGULEM, Daniel ; P., Ivan Torres		
trabalhoCompletoEmCongresso	Fabio Oliveira Teixeira	2010		Projeto Quick: Desenvolvimento de um middleware para Sistemas de Apoio a Decisão na área da Saúde em ambientes distribuídos	XII Congresso Brasileiro de Informática em Saúde - CBIS 2010	HUMMEL, A. D. ; Sousa, Fernando Sequeira ; TEIXEIRA, F. O. ; FALCÃO, A. E. J. ; MANCINI, Felipe ; COSTA, T. M. ; BAPTISTA, R. ; TENORIO, J. M. ; Cohrs, F.M. ; P., Ivan Torres		
trabalhoCompletoEmCongresso	Fabio Oliveira Teixeira	2009		Brazilian Health-related content web search portal: Presentation on a method for its development and preliminary results	Internacional Joint Conference on Biomedical Engineering Systems and Technologies	M., Felipe ; FALCÃO, A. E. J. ; HUMMEL, A. D. ; COSTA, T. M. ; ORTOLANI, C. L. F. ; TEIXEIRA, F. O. ; PISA, I. T.		
trabalhoCompletoEmCongresso	Fabio Oliveira Teixeira	2008		Apresentação de método para contrução de portal de busca de conteúdos web em saúde	XI Congresso Brasileiro de Informática em Saúde - CBIS2008	M., Felipe ; FALCÃO, A. E. J. ; HUMMEL, A. D. ; COSTA, T. M. ; TEIXEIRA, F. O. ; ALVES, D. ; PISA, I. T.		
trabalhoCompletoEmCongresso	Fabio Oliveira Teixeira	2008		EpistemIS-XML: Modelo XML para Disseminação e Padronização de Tesauro Epistemológico de Informática em Saúde	Congresso Brasileiro de Informática em Saúde	TEIXEIRA, F. O.; C., Eliane ; M., Felipe ; P., Ivan Torres		
trabalhoCompletoEmCongresso	Fabio Oliveira Teixeira	2008		EpistemIS: Estudo Epistemológico de Informática em Saúde	Congresso Brasileiro de Informática em Saúde	C., Eliane ; TEIXEIRA, F. O. ; MANCINI, F. ; P., Ivan Torres		
resumoExpandidoEmCongresso	Fabio Oliveira Teixeira	2021	Inteligência Artificial para a Farmacovigilância em postagens no Twitter relacionadas a Antidepressivos	XVIII Congresso Brasileiro de Informática em Saúde (CBIS 2021), 2021, São Paulo. XVIII Congresso Brasileiro de Informática em Saúde (CBIS 2021)	PAIXAO, B. ; GREGORATO, K. ; TEIXEIRA, F. O.		
resumoExpandidoEmCongresso	Fabio Oliveira Teixeira	2021	Uso de técnicas da inteligência artificial para reconhecer menções de RAMs em postagens no Twitter	12º CONGRESSO DE INOVAÇÃO, CIÊNCIA E TECNOLOGIA DO IFSP, 2021, São Paulo. 12º CONGRESSO DE INOVAÇÃO, CIÊNCIA E TECNOLOGIA DO IFSP	PAIXAO, B. ; GREGORATO, K. ; TEIXEIRA, F. O.		
resumoExpandidoEmCongresso	Fabio Oliveira Teixeira	2021	Identificação de manifestações de Clientes de instituições bancárias em redes sociais utilizando inteligência artificial	12º CONGRESSO DE INOVAÇÃO, CIÊNCIA E TECNOLOGIA DO IFSP, 2021, São Paulo. 12º CONGRESSO DE INOVAÇÃO, CIÊNCIA E TECNOLOGIA DO IFSP	SANTOS, V. M. ; ARAUJO, I. V. ; AUGUSTO, V. ; TEIXEIRA, F. O.		
resumoExpandidoEmCongresso	Fabio Oliveira Teixeira	2021	A Modelagem Computacional Como Recurso Educacional Para o Estudo do Câncer	12º CONGRESSO DE INOVAÇÃO, CIÊNCIA E TECNOLOGIA DO IFSP, 2021, São Paulo. 12º CONGRESSO DE INOVAÇÃO, CIÊNCIA E TECNOLOGIA DO IFSP	LEITE, I. G. ; VIEIRA, K. S. ; SILVA, S. C. ; SANTOS, L. C. M. ; TEIXEIRA, F. O.		
resumoExpandidoEmCongresso	Fabio Oliveira Teixeira	2021	A Propagação de Informações Sobre o Câncer em Escolas	12º CONGRESSO DE INOVAÇÃO, CIÊNCIA E TECNOLOGIA DO IFSP, 2021, São Paulo. 12º CONGRESSO DE INOVAÇÃO, CIÊNCIA E TECNOLOGIA DO IFSP	SILVA, A. O. B. ; ARAUJO, E. S. ; SANTOS, L. C. M. ; TEIXEIRA, F. O.		
resumoExpandidoEmCongresso	Fabio Oliveira Teixeira	2011	Abordagens Baseadas em Relevância para Categorização Automática de Conteúdos Web de Saúde em Português Brasileiro	IX Semana de Informática Biomédica, 2011, Ribeirão Preto. Anais do Workshop de Informática Biomédica (WIBm)	Sousa, Fernando Sequeira ; MANCINI, Felipe ; TEIXEIRA, F. O. ; ARAUJO, G. D. ; FALCÃO, A. E. J. ; Cohrs, F.M. ; HUMMEL, A. D. ; Fatima de Lourdes dos Santos Nunes ; P., Ivan Torres		
resumoExpandidoEmCongresso	Fabio Oliveira Teixeira	2011	Análise de Sentimentos: Como Medir e Avaliar Opiniões de Consumidores de Informação em Saúde	IX Semana de Informática Biomédica, 2011, Ribeirão Preto. Anais do Workshop de Informática Biomédica (WIBm)	ARAUJO, G. D. ; P., Ivan Torres ; MANCINI, Felipe ; Sousa, Fernando Sequeira ; TEIXEIRA, F. O. ; HUMMEL, A. D. ; FALCÃO, A. E. J. ; Cohrs, F.M.		
resumoExpandidoEmCongresso	Fabio Oliveira Teixeira	2011	Uso do Medical Subject Headings (MeSH) em Português para Categorização de Conteúdos Web em Saúde	IX Semana de Informática Biomédica, 2011, Ribeirão Preto. Anais do Workshop de Informática Biomédica (WIBm)	MANCINI, Felipe ; Sousa, Fernando Sequeira ; TEIXEIRA, F. O. ; HUMMEL, A. D. ; FALCÃO, A. E. J. ; Cohrs, F.M. ; ARAUJO, G. D.		
artigoEmPeriodico	Felipe Rodrigues Martinez Basile	2021	2500-7645	http://dx.doi.org/10.21830/19006586.726	Protocolo de informática forense ante ciberincidentes en telemedicina para preservar información como primera respuesta	Revista Científica General José María Córdova	TEJO-MACHADO, NADJILA ; RODRIGUES-MARTINEZ-BASILE, FELIPE ; CEZAR-AMATE, FLAVIO ; RAMÍREZ-LÓPEZ, LEONARDO JUAN		
artigoEmPeriodico	Felipe Rodrigues Martinez Basile	2021	2319-0566	http://dx.doi.org/10.22481/recuesb.v9i15.8638	PERCEPÇÕESDA APLICAÇÃO DOPROJETO ?EMPODERAMENTO FEMININO ATRAVÉS DA GERAÇÃO DE RENDA PELAS VENDAS?	REVISTA EXTENSÃO & CIDADANIA	Oliveira, C.A de Souza ; SANTANA, K. O. ; BASILE, F. R. M. ; HOMEM, T. P. D.		
artigoEmPeriodico	Felipe Rodrigues Martinez Basile	2020	1900-6586	http://dx.doi.org/10.21830/19006586.579	Estrategia formativa en defensa digital para adolescentes: experiencia en el Instituto Federal de São Paulo.	Revista Cientifica General Jose María Córdova	BASILE, F. R. M.; LOPEZ, L. J. R.		
artigoEmPeriodico	Felipe Rodrigues Martinez Basile	2020	2447-8288		Escrita para terceira idade com uso de tecnologias digitais: Relato de experiência	REVISTA INTERNACIONAL DE FORMAÇÃO DE PROFESSORES (RIPF)	MARIOTO, R. ; BASILE, F. R. M.		
artigoEmPeriodico	Felipe Rodrigues Martinez Basile	2020	2745-0171	http://dx.doi.org/10.47961/27450171.7	La robótica creativa para el desarrollo de la cultura Maker inclusiva en la enseñanza fundamental: caso Escuela Municipal de Capistrano de Abreu, en São Paulo, Brasil	Revista de Investigación en Educación Militar	RODRIGUES BASILE, ANDREZZA DA COSTA ; RODRIGUES MARTINEZ BASILE, FELIPE ; RAMÍREZ LÓPEZ, LEONARDO JUAN		
artigoEmPeriodico	Felipe Rodrigues Martinez Basile	2019	0719-5303		Método para realizar copias de seguridad de imágenes médicas basado en tareas automatizadas	NUEVOS DESAFÍOS TECNOLÓGICOS	BASILE, F. R. M.; LOPEZ, L. J. R. ; AMATE, F. C.		
artigoEmPeriodico	Felipe Rodrigues Martinez Basile	2018	2446-4732	http://dx.doi.org/10.1590/2446-4740.06117	AACVOX: mobile application for augmentative alternative communication to help people with speech disorder and motor impairment	RESEARCH ON BIOMEDICAL ENGINEERING	SILVA, DIEGO PEREIRA DA ; AMATE, FLAVIO CEZAR ; Basile, Felipe Rodrigues Martinêz ; BIANCHI FILHO, CESÁRIO ; RODRIGUES, SILVIA CRISTINA MARTINI ; BISSACO, MARCIA APARECIDA SILVA		
artigoEmPeriodico	Felipe Rodrigues Martinez Basile	2017	2180-1843		Meta Heuristic for WDM Optical Networks Without Wavelength Conversion	Journal of Telecommunication, Electronic and Computer Engineering	GARCIA, A.R. ; LOPEZ, L. J. R. ; BASILE, F. R. M.		
artigoEmPeriodico	Felipe Rodrigues Martinez Basile	2017	0718-5006	http://dx.doi.org/10.4067/S0718-50062017000600008	Tecnologías y Educación: Su Percepción Social En Santiago de Chile	FORMACIÓN UNIVERSITARIA	RODRIGUEZ, ARTURO B ; RAMIREZ, LEONARDO J ; BASILE, FELIPE R. M		
artigoEmPeriodico	Felipe Rodrigues Martinez Basile	2016	2011-0731	http://dx.doi.org/10.18359/ravi.1708	Desarrollo colaborativo en Telemedicina y Telesalud para la Educación, la atención y la investigación: Estudio de caso Lab.Sh-Brasil - Tigum-Colombia	Academia y Virtualidad	RODRIGUES MARTINEZ BASILE, FELIPE; CEZAR AMATE, FLÁVIO ; RAMIREZ LÓPEZ, LEONARDO JUAN		
artigoEmPeriodico	Felipe Rodrigues Martinez Basile	2016	0719-5303		Estrategia Interdisciplinar en Investigación en Telesalud con el Uso de Videoconferencia	Journal of Industrial Neo-Technologies	BASILE, F. R. M.; LOPEZ, L. J. R. ; SILVA, C. A. ; RIBEIRO, J. M. ; GARCIA, R. C. B. V.		
artigoEmPeriodico	Felipe Rodrigues Martinez Basile	2016	0718-0764	http://dx.doi.org/10.4067/S0718-07642016000600023	Percepción Social de las Tecnologías Electromagnéticas	Informacion Tecnologica	RODRIGUEZ, ARTURO B ; RAMÍREZ, LEONARDO J ; BASILE, FELIPE R. M		
artigoEmPeriodico	Felipe Rodrigues Martinez Basile	2014	2175-4411		Mobile application to aid people with speech disorders	journal of health informatics	BASILE, F. R. M.; SILVA, D. P. ; AMATE, F. C.		
artigoEmPeriodico	Felipe Rodrigues Martinez Basile	2014	1662-7482	http://dx.doi.org/10.4028/www.scientific.net/amm.590.529	Development of a Treadmill Platform for Dynamic Training with Vibratory Stimuli	Applied Mechanics and Materials	AMATE, F. C. ; CASSIANO JUNIOR, O. ; BASILE, F. R. M.		
trabalhoCompletoEmCongresso	Felipe Rodrigues Martinez Basile	2020	http://dx.doi.org/10.1007/978-3-642-21198-0_72	Estratégia de Comunicação Síncrona para Interatividade e construção do conhecimento na perspectiva do mundo pós-covid19: relato de experiência	Congresso Internacional de Educação e Tecnologias | Encontro de Pesquisadores em Educação a Distância	FERREIRA, R. S. ; MONTANHER, R. C. ; BASILE, F. R. M. ; HOMEM, T. P. D. ; LOPEZ, L. J. R.		
trabalhoCompletoEmCongresso	Felipe Rodrigues Martinez Basile	2019		Forense Computacional como estratégia para investigação estratégia de investigação em crimes cibernéticos	10º Congresso de Inovação	MACHADO, N. T. ; LOPEZ, L. J. R. ; BASILE, F. R. M.		
trabalhoCompletoEmCongresso	Felipe Rodrigues Martinez Basile	2012		Application to management of medical images backup using mobile devices by ssh tunneling	XIII Congresso Brasileiro em Informática na Saúde	BASILE, F. R. M.; AMATE, F. C.		
trabalhoCompletoEmCongresso	Felipe Rodrigues Martinez Basile	2011		Viability of Secure Transmission of medical Images by SSH tunneling	IADIS International Conference on e-Society	BASILE, F. R. M.; AMATE, F. C.		
trabalhoCompletoEmCongresso	Felipe Rodrigues Martinez Basile	2010		Dispositivo para leitura do posicionamento do usuário em postos de trabalho específicos para postura sentada	XXII Congresso Brasileiro de Engenharia Biomédica	ARPINI, F.M. ; BASILE, F. R. M. ; AMATE, F. C.		
resumoExpandidoEmCongresso	Felipe Rodrigues Martinez Basile	2022	AMAAI: Aplicativo Mobile de Assistência às atividades diárias do Idoso	13º CONICT Congresso de Inovação Ciência e Tecnologia, 2022, São Paulo. AMAAI: APLICATIVO MOBILE DE ASSISTÊNCIA ÀS ATIVIDADES DIÁRIAS DO IDOSO	BASILE, F. R. M.; CASTRO, L. R. ; NASCIMENTO JUNIOR, L. A. ; FERREIRA, T. S.		
resumoExpandidoEmCongresso	Felipe Rodrigues Martinez Basile	2021	Desenvolvimento de arquitetura de plataforma virtual para apoio ao exame de Monitorização Ambulatorial de Pressão Arterial	12º CONICT Congresso de Inovação Ciência e Tecnologia, 2021, Cubatão. 12º CONICT - Congresso de Inovação, Ciência e Tecnologia EDIÇÃO VIRTUAL	BASILE, F. R. M.; Dos Santos, G.M ; MONTANHER, R. C.		
artigoEmPeriodico	Flavio Cezar Amate	2024	2278-067X		Implementation of Linux-Based POS Solutions: A Low-Cost Alternative for the Retail Sector	INTERNATIONAL JOURNAL OF ENGINEERING RESEARCH AND DEVELOPMENT	OLIVEIRA, GC ; AMATE, F.C.		
artigoEmPeriodico	Flavio Cezar Amate	2023	2447-0961	http://dx.doi.org/10.56083/RCV3N9-022	TRANSFERÊNCIA DE APRENDIZADO PARA CATEGORIZAÇÃO DE PATOLOGIAS	CONTEMPORÂNEA - REVISTA DE ÉTICA E FILOSOFIA POLÍTICA	LIMA, CÉSAR ALEXANDRE SILVA ; MARTINI, SILVIA CRISTINA ; DOS SANTOS, CLAYTON EDUARDO ; BISSACO, MÁRCIA APARECIDA SILVA ; AMATE, FLÁVIO CÉZAR ; GIANCOLI, ANA PAULA MULLER ; DA SILVA, ALESSANDRO PEREIRA ; SCARDOVELLI, TERIGI AUGUSTO ; BOSCHI, SILVIA REGINA MATOS DA SILVA		
artigoEmPeriodico	Flavio Cezar Amate	2021	2500-7645	http://dx.doi.org/10.21830/19006586.726	Protocolo de informática forense ante ciberincidentes en telemedicina para preservar información como primera respuesta	Revista Científica General José María Córdova	TEJO-MACHADO, NADJILA ; RODRIGUES-MARTINEZ-BASILE, FELIPE ; CEZAR-AMATE, FLAVIO ; RAMÍREZ-LÓPEZ, LEONARDO JUAN		
artigoEmPeriodico	Flavio Cezar Amate	2020	1350-4533	http://dx.doi.org/10.1016/j.medengphy.2020.01.001	A computerized tool to assess reading skills of students with motor impairment	MEDICAL ENGINEERING & PHYSICS	BISSACO, MARCIA APARECIDA SILVA ; FRERE, ANNIE FRANCE ; BISSACO, LUIZ FERNANDO ; MANRIQUE, ANA LUCIA ; DIRANI, ELY ; RUGERRO, NIUBE ; AMATE, FLAVIO CEZAR		
artigoEmPeriodico	Flavio Cezar Amate	2019	0719-5303		Método para realizar copias de seguridad de imágenes médicas basado en tareas automatizadas	NUEVOS DESAFÍOS TECNOLÓGICOS	BASILE, F. R. M. ; LOPEZ, L. J. R. ; AMATE, F.C.		
artigoEmPeriodico	Flavio Cezar Amate	2018	2475-8841	http://dx.doi.org/10.12783/dtcse/wcne2017/19904	Development of a Serious Game to Assist in Teaching History	DEStech Transactions on Computer Science and Engineering	SALOMÃO, JS ; SANTOS, C. E. ; GIANCOLI, APM ; Amate, F. C.		
artigoEmPeriodico	Flavio Cezar Amate	2018	2446-4732	http://dx.doi.org/10.1590/2446-4740.06117	AACVOX: mobile application for augmentative alternative communication to help people with speech disorder and motor impairment	RESEARCH ON BIOMEDICAL ENGINEERING	SILVA, DIEGO PEREIRA DA ; AMATE, FLAVIO CEZAR ; Basile, Felipe Rodrigues Martinêz ; BIANCHI FILHO, CESÁRIO ; RODRIGUES, SILVIA CRISTINA MARTINI ; BISSACO, MARCIA APARECIDA SILVA		
artigoEmPeriodico	Flavio Cezar Amate	2016	2011-0731	http://dx.doi.org/10.18359/ravi.1708	Desarrollo colaborativo en Telemedicina y Telesalud para la Educación, la atención y la investigación: Estudio de caso Lab.Sh-Brasil - Tigum-Colombia	Academia y Virtualidad	RODRIGUES MARTINEZ BASILE, FELIPE; CEZAR AMATE, FLÁVIO ; RAMIREZ LÓPEZ, LEONARDO JUAN		
artigoEmPeriodico	Flavio Cezar Amate	2015	1662-7482	http://dx.doi.org/10.4028/www.scientific.net/AMM.736.196	Software Development for Telehealth at Blood Donation Centers	Applied Mechanics and Materials	Drielle Caroline de OLIVEIRA ; Paulo Henrique Aparecido RODRIGUES ; Rafael Palma SOARES ; Amate, Flávio Cezar		
artigoEmPeriodico	Flavio Cezar Amate	2014	2013-7087	http://dx.doi.org/10.17411/jacces.v4i1.55	Development of a Game for the Evaluation of Operative Structure in Teenagers With Down Syndrome	JOURNAL OF ACCESSIBILITY AND DESIGN FOR ALL	VOGEL, D. ; AMATE, F.C.		
artigoEmPeriodico	Flavio Cezar Amate	2014	1662-7482	http://dx.doi.org/10.4028/www.scientific.net/AMM.590.823	Advisory Software for Improving the Prevention of Dentistry Medical Conditions Arising from Chronic Diseases	Applied Mechanics and Materials	RAMIREZ, P. ; KAWAMOTO JR., L. T. ; FRÈRE, Annie France ; AMATE, F.C.		
artigoEmPeriodico	Flavio Cezar Amate	2014	2175-4411		Mobile application to aid people with speech disorders	Journal of Health Informatics	BASILE, F. R. M. ; SILVA, D. P. ; AMATE, F.C.		
artigoEmPeriodico	Flavio Cezar Amate	2014	1662-7482	http://dx.doi.org/10.4028/www.scientific.net/AMM.590.529	Development of a Treadmill Platform for Dynamic Training with Vibratory Stimuli	Applied Mechanics and Materials	AMATE, FLAVIO CEZAR; CASSIANO, ONIVALDO ; BASILE, FELIPE RODRIGUES MARTINEZ		
artigoEmPeriodico	Flavio Cezar Amate	2012	2175-4411		Software for mapping of the risks of Pressure Ulcer, fall and phlebitis	Journal of Health Informatics	ASSIS, M. G. ; ASSIS, M. A. ; AMATE, F.C.		
trabalhoCompletoEmCongresso	Flavio Cezar Amate	2021	http://dx.doi.org/10.1007/978-3-540-74471-9_177	INVESTIGAÇÃO DE SPLICING E CLONING EM IMAGENS NOS CENÁRIOS DA TELEMEDICINA POR MEIO DA FORENSE COMPUTACIONAL	12º CONGRESSO DE INOVAÇÃO	NADJILA TEJO MACHADO ; LEONARDO JUAN RAMIREZ LOPEZ2 ; Amate, F. C. ; BASILE, F. R. M.		
trabalhoCompletoEmCongresso	Flavio Cezar Amate	2015		Software for Data Management of Physical Exercises in GYM	National Conference on Information Technology and Computer Science	AMATE, F.C		
trabalhoCompletoEmCongresso	Flavio Cezar Amate	2012		Application to Management of Medical Images Backup Using Mobile Devices by SSH Tunneling	XIII Congresso Brasileiro de Informática na Saúde	BASILE, F. R. M.; AMATE, F. C.		
trabalhoCompletoEmCongresso	Flavio Cezar Amate	2012		Desenvolvimento de um Eletrogoniômetro Baseado em um Acelerômetro Triaxial	Congresso Brasileiro de Engenharia Biomédica	IKEGAYA, E. F. K. ; AMATE, F.C.		
trabalhoCompletoEmCongresso	Flavio Cezar Amate	2012		Jogo Computacional para auxiliar no Ensino de Matemática	3º Congresso Científico da Semana Nacional de Ciência e Tecnologia - CONCISTEC	FAKELMANN, L. ; AMATE, F.C.		
trabalhoCompletoEmCongresso	Flavio Cezar Amate	2012		Análise de Características Heurísticas em Interface de Jogos Computadorizados	3º Congresso Científico da Semana Nacional de Ciência e Tecnologia - CONCISTEC	VIEIRA, A. S. ; AMATE, F.C.		
trabalhoCompletoEmCongresso	Flavio Cezar Amate	2011		Viability of Secure Transmission of medical Images by SSH tunneling	IADIS International Conference on e-Society	BASILE, F. R. M.; AMATE, F. C.		
trabalhoCompletoEmCongresso	Flavio Cezar Amate	2010		Dispositivo para leitura do posicionamento do usuário em postos de trabalho específicos para postura sentada	XXII Congresso Brasileiro de Engenharia Biomédica	ARPINI, F.M. ; BASILE, F. R. M. ; AMATE, F. C.		
trabalhoCompletoEmCongresso	Flavio Cezar Amate	2010		Ambiente virtual para treinamento em automated teller machine, como auxílio na qualidade de vida de idosos	XXII Congresso Brasileiro de Engenharia Biomédica	CARVALHO, D. C. ; AMATE, F.C.		
trabalhoCompletoEmCongresso	Flavio Cezar Amate	2010		Modelagem e testes de dispositivos destinados à reabilitação física	XXII Congresso Brasileiro de Engenharia Biomédica	SILVA, Alessandro Pereira da ; SCARDOVELLI, T.A. ; AMATE, F.C. ; FRERE, A.F.		
trabalhoCompletoEmCongresso	Flavio Cezar Amate	2010		Eficiência da acupuntura no desempenho esportivo	XXII Congresso Brasileiro de Engenharia Biomédica	Romana de Souza Franco ; AMATE, F.C. ; Annie France Frere		
trabalhoCompletoEmCongresso	Flavio Cezar Amate	2008		Processamento de imagens para projeto e implementação de periférico universal	21 Congresso Brasileiro de Engenharia Bimédica	ALMEIDA, J.L. da S.G de. ; Annie France Frere ; AMATE, F.C. ; BISSACO, M.A.S		
trabalhoCompletoEmCongresso	Flavio Cezar Amate	2006		Cidade interativa: um ambiente virtual para auxiliar a fase inicial da escrita de crianças especiais	IV Congresso Iberdiscap: Tecnologias de Apoio a Portadores de Deficiência	AMATE, F.C.; FRÈRE, Annie France		
trabalhoCompletoEmCongresso	Flavio Cezar Amate	2006		Desenvolvimento de jogos musicais computadorizados para treino de movimentos de crianças com dificuldades motoras	IV Congresso Iberdiscap: Tecnologias de Apoio a Portadores de Deficiência	BOCHI, Silvia Regina Matos da Silva ; AMATE, F.C. ; FRÈRE, Annie France		
trabalhoCompletoEmCongresso	Flavio Cezar Amate	2006		Desenvolvimento de dispositivo para quantificar espasticidade de membros superiores	XX Congresso Brasileiro de Engenharia Biomédica	CARVALHO, M.M.X.V. ; AMATE, F.C. ; Annie France Frere		
trabalhoCompletoEmCongresso	Flavio Cezar Amate	2006		Medição do comportamento postural ocupacional sentado por análise de imagem	XX Congresso Brasileiro de Engenharia Biomédica	ROCHA, P.M.M. ; OLIVEIRA, H.J.Q. ; AMATE, F.C.		
trabalhoCompletoEmCongresso	Flavio Cezar Amate	2005		Jogo de computador para auxiliar na capacidade de formação de palavras para crianças especiais	V Congreso Latinoamericano de Informática Educativa Especial	AMATE, F.C.; FRÈRE, Annie France		
trabalhoCompletoEmCongresso	Flavio Cezar Amate	2004		Dispositivo de avaliação do desempenho da habilidade gráfica de crianças em fase de alfabetização	III Congresso Latino-Americano de Engenharia Biomédica	SOUZA, S.R.S. ; AMATE, F.C. ; FRÈRE, Annie France		
trabalhoCompletoEmCongresso	Flavio Cezar Amate	2004		Jogo de computador para auxiliar na capacidade de formação de palavras para crianças especiais	III Congresso Latino-Americano de Engenharia Biomédica	AMATE, F.C.; SCARDOVELLI, T.A. ; SILVA, M.L. ; OLIVEIRA, H.A.D. ; FRÈRE, Annie France		
trabalhoCompletoEmCongresso	Flavio Cezar Amate	2004		Auxílio a capacidade de formação de palavras de crianças especiais usando internet	Conferência Ibero-Americana WWW/Internet 2004	AMATE, F.C.; OLIVEIRA, H.A.D. ; FRÈRE, Annie France		
trabalhoCompletoEmCongresso	Flavio Cezar Amate	2004		Jogo computadorizado para auxiliar no letramento de crianças portadoras de deficiências motoras	VII Congresso Iberoamericano de Informática Educativa	SCARDOVELLI, T.A. ; AMATE, F.C. ; KUBATAMAIA, C. ; OLIVEIRA, H.A.D. ; FRÈRE, Annie France		
trabalhoCompletoEmCongresso	Flavio Cezar Amate	2004		Jogo de computador para crianças especiais com dificuldades na formação de palavras	IX Congresso Brasileiro de Informática em Saúde	AMATE, F.C.; OLIVEIRA, H.A.D. ; FRÈRE, Annie France		
trabalhoCompletoEmCongresso	Flavio Cezar Amate	2003		Jogos computadorizados para auxiliar a alfabetização de crianças especiais	II SEMINÁRIO e I OFICINAS ATIID AESIBILIDADE	AMATE, F.C.; OLIVEIRA, H.A.D. ; Annie France Frere		
trabalhoCompletoEmCongresso	Flavio Cezar Amate	2003		Jogos computadorizados para aquisição da linguagem escrita na educação especial	I Conferencia Ibero-Americana WWW/Internet	AMATE, F.C.; OLIVEIRA, H.A.D. ; FRÈRE, Annie France		
trabalhoCompletoEmCongresso	Flavio Cezar Amate	2003		Jogos computadorizados para aquisição da linguagem escrita na educação especial	III Congresso Brasileiro de Computação	AMATE, F.C.; OLIVEIRA, H.A.D. ; SCARDOVELLI, T.A. ; FRÈRE, Annie France		
trabalhoCompletoEmCongresso	Flavio Cezar Amate	2003		Jogos computadorizados no auxílio da reabilitação de atividades motoras	III Congresso Brasileiro de Computação	BOCHI, Silvia Regina Matos da Silva ; AMATE, F.C. ; NETO, V. P. ; FRÈRE, Annie France		
trabalhoCompletoEmCongresso	Flavio Cezar Amate	2003	http://dx.doi.org/10.1109/IEMBS.2003.1280847	Goniometer based to computer	25th Annual International Conference of the IEEE Engineering in Medicine and Biology Society	BARREIRO, M.S. ; FRERE, A.F. ; THEODORIO, N.E.M. ; AMATE, F.C.		
trabalhoCompletoEmCongresso	Flavio Cezar Amate	2003	http://dx.doi.org/10.1109/IEMBS.2003.1280915	Computerized games sequency for written language acquisition in special education	25th Annual International Conference of the IEEE Engineering in Medicine and Biology Society	AMATE, F.C.; OLIVEIRA, H.A.D. ; BARREIRO, M.S. ; FRERE, A.F.		
trabalhoCompletoEmCongresso	Flavio Cezar Amate	2002		Caça-níquel computadorizado como auxilio à alfabetização de crianças especiais	III Congresso Ibero Americano de Informática na Educação Especial	BISSACO, L. F. ; AMATE, F.C. ; OLIVEIRA, H.A.D. ; FRÈRE, Annie France		
trabalhoCompletoEmCongresso	Flavio Cezar Amate	2002		Jogos computadorizados para incentivar a alfabetização de crianças especiais	XVIII Congresso Brasileiro de Engenharia Biomédica	AMATE, F.C.; OLIVEIRA, H.A.D. ; BISSACO, L. F. ; FRÈRE, Annie France		
trabalhoCompletoEmCongresso	Flavio Cezar Amate	2002		Análise dos movimentos finos de crianças com ataxia	XVIII Congresso Brasileiro de Engenharia Biomédica	AMATE, F.C.; SOUZA, S.R.S. ; KOMATSU, E. M. ; FRÈRE, Annie France		
trabalhoCompletoEmCongresso	Flavio Cezar Amate	2002		Desenvolvimento de jogos musicais computadorizados para auxiliar a alfabetização de crianças com ataxia	III Congresso Ibero-americano de Informática na Educação Especial	BOCHI, Silvia Regina Matos da Silva ; AMATE, F.C. ; NETO, V. P. ; FRÈRE, Annie France		
artigoEmPeriodico	Idalise Bernardo Bagé	2018	2359-3822		Políticas Públicas de Formação de Professores: O contexto do curso de Ingressantes do Estado de São Paulo	Anais do IV Congresso de Formação de Professores e XIV Congresso Estadual Paulista sobre Formação de Educadores	BAGÉ, I. B.; MALTEMPI, M. V.		
artigoEmPeriodico	Idalise Bernardo Bagé	2018	9862-3061		Um olhar reflexivo para Avaliação Educacional	Anais do V Seminário Internacional de Pesquisa e Estudos Qualitativos: Pesquisa Qualitativa na Educação e nas Ciências em Debate	BAGÉ, I. B.; DIAS, F. A. S. ; BUSQUINI, J. A.		
artigoEmPeriodico	Idalise Bernardo Bagé	2018	2316-8722		O currículo do Estado de São Paulo e a Formação de Professores de Matemática: A Experiência do Programa M@tmídias	Anais do CIET: EnPED: 2018 - Educação e Tecnologias: Docência e Mediação Pedagógica	DIAS, F. A. S. ; BAGÉ, I. B. ; BUSQUINI, J. A.		
artigoEmPeriodico	Idalise Bernardo Bagé	2017	7713-2133		O Fenômeno das Marés: Uma possibilidade para o ensino das função seno e cosseno utilizando as tecnologias digitais	anais do XIII Encontro Paulista de Educação Matemática	BAGÉ, I. B.; LIMA, M. A. G.		
artigoEmPeriodico	Idalise Bernardo Bagé	2016	2359-3822		Formação Continuada de Professores: uma proposta de curso para o ensino de Estatística e Probabilidade com o uso de Tecnologias Digitais	Anais do III Congresso Nacional de Formação de Professores e do XIII Congresso Estadual Paulista sobre Formação de Educadores por um revolução no campo de formação de professores	BAGÉ, I. B.; MALTEMPI, M. V.		
artigoEmPeriodico	Idalise Bernardo Bagé	2016	2178-034X		A Formação Continuada de Professores a Distância: Um olhar sobre o curso de ingressantes oferecido aos docentes de Matemática do Estado de São Paulo	X ENEM: Educação Matemática, cultura e diversidade	BAGÉ, I. B		
trabalhoCompletoEmCongresso	Idalise Bernardo Bagé	2021	http://dx.doi.org/10.14488/ENEGEP2021_TN_STO_362_1866_42809	ESTUDO DA ÁREA DE ENGENHARIA DA SUSTENTABILIDADE APLICADA NAS EMPRESAS	ENEGEP 2021 Encontro Nacional de Engenharia de Produção	ALMEIDA, CAMILA DOS SANTOS ; MISSASSI, MILENA ; SILVA, SORAIA MARIA DA ; BRITES, BIANCA LOPES ; BAGÉ, IDALISE BERNARDO		
trabalhoCompletoEmCongresso	Idalise Bernardo Bagé	2017		O Fenômeno das Marés: Uma possibilidade para o Ensino das Funções Seno e Cosseno Utilizando	XIII Encontro Paulista de Educação Matemática	BAGÉ, I. B.; LIMA, M. A. G.		
trabalhoCompletoEmCongresso	Idalise Bernardo Bagé	2016		Formação Continuada de Professores: Uma proposta de curso para o ensino de Estatística e Probabilidade com o uso das Tecnologias Digitais	III Congresso Nacional de Formação de Professores e do XIII Congresso Estadual Paulista sobre Formação de Educadores: por uma revolução no campo da formação de professores	BAGÉ, I. B.; MALTEMPI, M. V.		
trabalhoCompletoEmCongresso	Idalise Bernardo Bagé	2016		A formação continuada de professores a distância: Um olhar sobre o curso de ingressantes oferecido aos docentes de Matemática do Estado de São Paulo	XII Encontro Nacional de Educação Matemática	BAGÉ, I. B		
trabalhoCompletoEmCongresso	Idalise Bernardo Bagé	2015		Formação Continuada e Prática Profissional: Um olhar sobre o curso de formação de ingressantes do Estado de São Paulo	XIX EBRAPEM - Encontro Brasileiro de Estudantes de Pós Graduação em Educação Matemática	BAGÉ, I. B		
trabalhoCompletoEmCongresso	Idalise Bernardo Bagé	2012		A contribuição de objetos de aprendizagem na formação de professores de Matemática da Educação Básica Brasileira	VII Congresso Iberoamericano de Docência Universitária	BAGÉ, I. B.; DIAS, F. A. S.		
artigoEmPeriodico	Igor Calebe Zadi	2021	2500-7645	http://dx.doi.org/10.21830/19006586.727	Juego digital para aprender inglés como segunda lengua utilizando el pensamiento complejo	Revista Científica General José María Córdova	ZADI, IGOR CALEBE; MONTANHER, RENATO CRISTIANO ; MONTEIRO, ANA MARIA		
trabalhoCompletoEmCongresso	Igor Calebe Zadi	2021	http://dx.doi.org/10.5753/sbie.2021.218506	Complex World: um jogo para auxiliar o aprendizado de inglês como segunda língua utilizando a abordagem pedagógica do Pensamento Complexo	Simpósio Brasileiro de Informática na Educação	MONTANHER, RENATO CRISTIANO ; ZADI, IGOR CALEBE ; MONTEIRO, ANA MARIA		
resumoExpandidoEmCongresso	Regivaldo Sousa Ferreira	2023	DETECÇÃO DE ATAQUES DDOS POR MEIO DE APRENDIZADO DE MÁQUINA	Conict - Congresso de Inovação, Ciência e Tecnologia, 2023, Capivari. CONICT - Congresso de Inovação, Ciência e Tecnologia 14º CONGRESSO DE INOVAÇÃO, CIÊNCIA E TECNOLOGIA DO IFSP	RODRIGUES, A. L. ; CASAGRANDE, H. F. ; GOMES, J. P. M. ; PASSOS, P. L. A. ; FERREIRA, R. S. ; FERRUZZI, A. J.		
resumoExpandidoEmCongresso	Regivaldo Sousa Ferreira	2023	Mineração de dados de feedbacks de clientes por meio da apresentação de nuvem de palavras	CONICT - Congresso de Inovação, Ciência e Tecnologia, 2023, Capivari. CONICT - Congresso de Inovação, Ciência e Tecnologia 14º CONGRESSO DE INOVAÇÃO, CIÊNCIA E TECNOLOGIA DO IFSP	GAMBOA, Y. C. ; DIAS, N. S. ; SOUZA, C. B. ; OLIVEIRA, V. S. A. ; FERREIRA, R. S. ; FERRUZZI, A. J.		
resumoExpandidoEmCongresso	Regivaldo Sousa Ferreira	2023	Sistema de monitoramento de biodigestores anaeróbicos por meio de plataformas embarcadas	14º CONICT, 2023, Capivari. 14º CONICT	ELOY, V. G. O. ; FERREIRA, R. S. ; BASILE, F. R. M.		
resumoExpandidoEmCongresso	Regivaldo Sousa Ferreira	2023	ANÁLISE DE DADOS ABERTOS SOBRE EVASÃO ESCOLAR NOS INSTITUTOS FEDERAIS DE SÃO PAULO	14º CONICT, 2023, Capivari. 14º CONICT	SILVA, J. ; GOMES, G. ; ANDRADE, L. S. ; SILVA, B. T. ; SILVA, V. ; TEIXEIRA, F. O. ; FERREIRA, R. S.		
resumoExpandidoEmCongresso	Regivaldo Sousa Ferreira	2022	Análise comparativa de técnicas de aprendizagem de máquina para classificação de materiais descartáveis	CONFERÊNCIAS DO IFSP, 13º CONGRESSO DE INOVAÇÃO, CIÊNCIA E TECNOLOGIA DO IFSP, 2022, São Paulo. 13º CONGRESSO DE INOVAÇÃO, CIÊNCIA E TECNOLOGIA DO IFSP. São Paulo: CONICT	Santos M. A. M. ; FERREIRA, R. S. ; BASILE, F. R. M. ; ZADI, I. C.		
resumoExpandidoEmCongresso	Regivaldo Sousa Ferreira	2022	DESENVOLVIMENTO DE UMA APLICAÇÃO WEB PARA DIVULGAÇÃO DE CONTEÚDOS E FERRAMENTAS ACERCA DA CIBERSEGURANÇA	CONFERÊNCIAS DO IFSP, 13º CONGRESSO DE INOVAÇÃO, CIÊNCIA E TECNOLOGIA DO IFSP, 2022, São Paulo. 13º CONGRESSO DE INOVAÇÃO, CIÊNCIA E TECNOLOGIA DO IFSP	Marques, V. G. ; Ferraz, R.G ; Souza, A. B. S. ; Ferruzzi, A. J. ; FERREIRA, R. S.		
artigoEmPeriodico	Renato Cristiano Montanher	2021	2500-7645	http://dx.doi.org/10.21830/19006586.727	Juego digital para aprender inglés como segunda lengua utilizando el pensamiento complejo	Revista Científica General José María Córdova	ZADI, IGOR CALEBE ; MONTANHER, RENATO CRISTIANO ; MONTEIRO, ANA MARIA		
trabalhoCompletoEmCongresso	Renato Cristiano Montanher	2021	http://dx.doi.org/10.5753/sbie.2021.218506	Complex World: um jogo para auxiliar o aprendizado de inglês como segunda língua utilizando a abordagem pedagógica do Pensamento Complexo	Simpósio Brasileiro de Informática na Educação	MONTANHER, RENATO CRISTIANO ; ZADI, IGOR CALEBE ; MONTEIRO, ANA MARIA		
trabalhoCompletoEmCongresso	Renato Cristiano Montanher	2020		Revisão Sistemática sobre o uso de jogos no ensino de língua estrangeira	Workshop de Computação da Unifaccamp	MONTANHER, R. C.; ZADI, I. C. ; MONTEIRO, A. M.		
trabalhoCompletoEmCongresso	Renato Cristiano Montanher	2020	http://dx.doi.org/10.1007/978-3-642-21198-0_72	ESTRATÉGIA DE COMUNICAÇÃO SÍNCRONA PARA INTERATIVIDADE E CONSTRUÇÃO DO CONHECIMENTO NA PERSPECTIVA DO MUNDO PÓS-COVID19: RELATO DE EXPERIÊNCIA	Congresso Internacional de Educação e Tecnologias | Encontro de Pesquisadores em Educação a Distância	FERREIRA, R. S. ; MONTANHER, R. C. ; BASILE, F. R. M. ; HOMEM, T. P. D. ; LOPEZ, L. J. R.		
trabalhoCompletoEmCongresso	Renato Cristiano Montanher	2020		Uso de chatbots para o ensino de línguas estrangeiras: uma revisão da literatura	Workshop de Computação da Unifaccamp	ZADI, I. C. ; MONTANHER, R. C. ; MONTEIRO, A. M.		
trabalhoCompletoEmCongresso	Alex Sandro Rodrigues Ancioto	2020		Motivational evaluation of a virtual reality simulator to teach disk-scheduling algorithms for solid-state drives (SSDs)	International Conference on Computational Science and its Applications (ICCSA)	Guimarães, Marcelo de Paiva ; FREITAS, L. F. S. ; ANCIOTO, A. S. R. ; DIAS, D. R. C. ; MARTINS, V. F.		
trabalhoCompletoEmCongresso	Alex Sandro Rodrigues Ancioto	2020		A virtual reality simulator to assist in memory management lectures	International Conference on Computational Science and its Applications (ICCSA)	Guimarães, Marcelo de Paiva ; FREITAS, L. F. S. ; ANCIOTO, A. S. R. ; DIAS, D. R. C. ; MARTINS, V. F.		
trabalhoCompletoEmCongresso	Alex Sandro Rodrigues Ancioto	2018		Simulator for Teaching Magnetic Disk Scheduling Algorithms	Symposium on Virtual and Augmented Reality (SVR)	ANCIOTO, A. S. R.; MASHI, L. F. C. ; Guimarães, Marcelo de Paiva		
trabalhoCompletoEmCongresso	Alex Sandro Rodrigues Ancioto	2018		Análise de aspectos motivacionais de um simulador para o ensino do algoritmo de escalonamento de disco	XIV Workshop de Computação da UNIFACCAMP (WCF)	ANCIOTO, A. S. R.; FREITAS, L. F. S. ; Guimarães, Marcelo de Paiva ; Zadi, Igor Calebe ; Bonacin, Rodrigo		
artigoEmPeriodico	Bruna Carolina Rodrigues da Cunha	2022	2763-5457	http://dx.doi.org/10.47734/rce.v3i1.2032	Mineração de dados no âmbito dos filtros bolha no compartilhamento de fake news: Revisão da literatura e proposta de mecanismos de prevenção	Revista Ciência em Evidência	CUNHA, BRUNA C.R.; CARVALHO, M. A. G.		
artigoEmPeriodico	Bruna Carolina Rodrigues da Cunha	2021	1438-8871	http://dx.doi.org/10.2196/24278	Experience Sampling and Programmed Intervention Method and System for Planning, Authoring, and Deploying Mobile Health Interventions: Design and Case Reports	JOURNAL OF MEDICAL INTERNET RESEARCH	CUNHA, BRUNA CAROLINA RODRIGUES; RODRIGUES, KAMILA RIOS DA HORA ; ZAINE, ISABELA ; DA SILVA, ELIAS ADRIANO NOGUEIRA ; VIEL, CAIO CÉSAR ; PIMENTEL, MARIA DA GRAÇA CAMPOS		
artigoEmPeriodico	Bruna Carolina Rodrigues da Cunha	2021	1517-2473	http://dx.doi.org/10.22456/2316-2171.98972	UM ESTUDO SOBRE LETRAMENTO DIGITAL PARA IDOSOS COM O APOIO DE UM APLICATIVO MÓVEL PERSONALIZÁVEL	ESTUDOS INTERDISCIPLINARES SOBRE O ENVELHECIMENTO	ZAINE, ISABELA ; RODRIGUES, KAMILA RIOS DA HORA ; VIEL, CAIO CÉSAR ; CUNHA, BRUNA CAROLINA RODRIGUES DA ; BATISTONI, SAMILA SATHLER TAVARES ; PIMENTEL, MARIA DA GRAÇA CAMPOS ; CACHIONI, MEIRE		
artigoEmPeriodico	Bruna Carolina Rodrigues da Cunha	2019	1438-8871	http://dx.doi.org/10.2196/14112	Promoting Social Connection and Deepening Relations Among Older Adults: Design and Qualitative Evaluation of Media Parcels	JOURNAL OF MEDICAL INTERNET RESEARCH	ZAINE, ISABELA ; FROHLICH, DAVID MARK ; RODRIGUES, KAMILA RIOS DA HORA ; CUNHA, BRUNA CAROLINA RODRIGUES ; ORLANDO, ALEX FERNANDO ; SCALCO, LEONARDO FERNANDES ; PIMENTEL, MARIA DA GRAÇA CAMPOS		
artigoEmPeriodico	Bruna Carolina Rodrigues da Cunha	2019	1559-6915	http://dx.doi.org/10.1145/3357385.3357389	Effects of interactive video annotations on students' browsing behavior and perceived workload	Applied Computing Review	MARTINS, DIOGO S. ; CUNHA, BRUNA C. R. ; YAGUINUMA, CRISTIANE A. ; ZAINE, ISABELA ; PIMENTEL, MARIA DA GRAÇA C.		
artigoEmPeriodico	Bruna Carolina Rodrigues da Cunha	2019	2317-6695	http://dx.doi.org/10.5335/rbceh.v16i1.9751	Aprendizagem ao longo de toda a vida e letramento digital de idosos: um modelo multidisciplinar de intervenção com o apoio de um aplicativo	RBCEH. REVISTA BRASILEIRA DE CIÊNCIAS DO ENVELHECIMENTO HUMANO	ORLANDI, BRUNELA DELLA MAGGIORI ; PIMENTEL, MARIA DA GRAÇA C. ; RODRIGUES, KAMILA RIOS DA HORA ; BATISTONI, SAMILA SATHLER TAVARES ; SCALCO, LEONARDO FERNANDES ; CHIARELLI, TÁSSIA MONIQUE ; CUNHA, BRUNA CAROLINA RODRIGUES DA ; CACHIONI, MEIRE ; CLIQUET, LILIAN OURÉM BATISTA VIEIRA ; ZAINE, ISABELA		
trabalhoCompletoEmCongresso	Bruna Carolina Rodrigues da Cunha	2024	http://dx.doi.org/10.5753/wiplay.2024.245140	Let?s Play with Facts: Lessons Learned in Developing a Serious Game to Raise Awareness about Digital Disinformation	Workshop sobre Interação e Pesquisa de Usuários no Desenvolvimento de Jogos	R. Cunha, Bruna C.; S. BRANDINE, GABRIEL ; RIBEIRO, FRANCINE M.		
trabalhoCompletoEmCongresso	Bruna Carolina Rodrigues da Cunha	2019	http://dx.doi.org/10.1145/3297280.3297325	Web-based authoring of multimedia intervention programs for mobile devices	SAC '19: The 34th ACM/SIGAPP Symposium on Applied Computing	CUNHA, BRUNA C. R.; RODRIGUES, KAMILA R. H. ; ZAINE, ISABELA ; SCALCO, LEONARDO F. ; VIEL, CAIO C. ; PIMENTEL, MARIA DA GRAÇA C.		
trabalhoCompletoEmCongresso	Bruna Carolina Rodrigues da Cunha	2019	http://dx.doi.org/10.1145/3323503.3349563	Synthesizing guidelines for facilitating elderly-smartphone interaction	the 25th Brazillian Symposium	CUNHA, BRUNA C. R.; RODRIGUES, KAMILA R. H. ; PIMENTEL, MARIA DA GRAÇA C.		
trabalhoCompletoEmCongresso	Bruna Carolina Rodrigues da Cunha	2019	http://dx.doi.org/10.1145/3323503.3360303	Elderly vloggers	the 25th Brazillian Symposium	VIEL, CAIO C. ; RODRIGUES, KAMILA R. H. ; CUNHA, BRUNA C. R. ; PIMENTEL, MARIA G. C.		
trabalhoCompletoEmCongresso	Bruna Carolina Rodrigues da Cunha	2018	http://dx.doi.org/10.1145/3243082.3243120	ESPIM System	the 24th Brazilian Symposium	RODRIGUES, KAMILA R. H. ; CUNHA, BRUNA C. R. ; ZAINE, ISABELA ; VIEL, CAIO C. ; SCALCO, LEONARDO F. ; PIMENTEL, MARIA G. C.		
trabalhoCompletoEmCongresso	Bruna Carolina Rodrigues da Cunha	2018	http://dx.doi.org/10.5753/webmedia.2018.4588	Authoring of interventions with on-demand generation of screen for mobile devices	XXIV Simpósio Brasileiro de Sistemas Multimídia e Web	RODRIGUES, KAMILA R.H. ; PIMENTEL, MARIA DA GRAÇA C. ; VIEL, CAIO C. ; ZAINE, ISABELA ; CUNHA, BRUNA C.R. ; SCALCO, LEONARDO F.		
trabalhoCompletoEmCongresso	Bruna Carolina Rodrigues da Cunha	2016	http://dx.doi.org/10.1145/2976796.2988164	Opportunistic Recording of Live Experiences Using Multiple Mobile Devices	the 22nd Brazilian Symposium	CUNHA, BRUNA C.R.; USCAMAYTA, ANDREY OMAR M. ; PIMENTEL, MARIA DA GRAÇA C.		
trabalhoCompletoEmCongresso	Bruna Carolina Rodrigues da Cunha	2016	http://dx.doi.org/10.1145/3019943.3019994	Enhancing older adults connectivity by introducing mobile devices communication tools	the 7th International Conference	PIMENTEL, MARIA G. ; RODRIGUES, KAMILA R. H. ; ZAINE, ISABELA ; DA CUNHA, BRUNA C. R. ; ANTONELLI, HUMBERTO L. ; RODRIGUES, SANDRA S. ; NETO, OLIBÁRIO J. MACHADO ; ROCHA, ANDRE C. ; MELO, ERIC ; COSTA, ALLAN R. ; USCAMAYTA, OMAR M.		
trabalhoCompletoEmCongresso	Bruna Carolina Rodrigues da Cunha	2016	http://dx.doi.org/10.1049/ic.2016.0055	An architecture for creating mobile assistive products: a case study on posture monitoring of people with motor disability	2nd IET International Conference on Technologies for Active and Assisted Living (TechAAL 2016)	MACHADO NETO, O.J. ; PERACINI, A.P.P. ; DA CUNHA, B.C.R. ; ROCHA, A.L.C. ; ELUI, V.M.C. ; CASTRO, P.C. ; DA GRACA, M. ; DA GRACA C PIMENTEL, M.		
trabalhoCompletoEmCongresso	Bruna Carolina Rodrigues da Cunha	2015	http://dx.doi.org/10.1145/2820426.2820448	A Platform for the Recommendation of Points of Interest in Brazilian Cities	the 21st Brazilian Symposium	DOMINGUES, MARCOS AURÉLIO ; SANTOS, THAIS EMANUELE ; HANADA, RAÍZA ; CUNHA, BRUNA C.R. ; REZENDE, SOLANGE OLIVEIRA ; PIMENTEL, MARIA DA GRAÇA CAMPOS		
trabalhoCompletoEmCongresso	Bruna Carolina Rodrigues da Cunha	2015	http://dx.doi.org/10.1145/2820426.2820449	Mobile Video Annotations	the 21st Brazilian Symposium	CUNHA, BRUNA C.R.; CORREIA, RODOLFO DIAS ; PIMENTEL, MARIA DA GRAÇA CAMPOS		
resumoExpandidoEmCongresso	Bruna Carolina Rodrigues da Cunha	2022	Jogos sérios na educação: desenvolvimento de um visual novel para conscientização sobre fake news	CONGRESSO DE INOVAÇÃO, CIÊNCIA E TECNOLOGIA DO IFSP, 2022, São Paulo. Anais do 13º CONGRESSO DE INOVAÇÃO, CIÊNCIA E TECNOLOGIA DO IFSP	CUNHA, B. C. R.; BRANDINE, G. S.		
resumoExpandidoEmCongresso	Bruna Carolina Rodrigues da Cunha	2017	Personalized Ubiquitous Data Collection and Intervention as Interactive Multimedia Documents	the 2017 ACM Symposium, 2017, Valletta. Proceedings of the 2017 ACM Symposium on Document Engineering - DocEng '17	VIEL, CAIO C. ; RODRIGUES, KAMILA R.H. ; ZAINE, ISABELA ; CUNHA, BRUNA C.R. ; SCALCO, LEONARDO F. ; PIMENTEL, MARIA G.C.		
resumoExpandidoEmCongresso	Bruna Carolina Rodrigues da Cunha	2017	Collaborative Ad-hoc Multimedia Authoring via Mobile Devices	23rd Brazillian Symposium on Multimedia and the Web, 2017, Gramado. Proceedings of the 23rd Brazillian Symposium on Multimedia and the Web - WebMedia '17	USCAMAYTA, A. OMAR M. ; CUNHA, BRUNA C.R. ; MARTINS, DIOGO S. ; PIMENTEL, MARIA G.		
resumoExpandidoEmCongresso	Bruna Carolina Rodrigues da Cunha	2017	Data Collection and Intervention Personalized as Interactive Multimedia Documents	23rd Brazillian Symposium on Multimedia and the Web, 2017, Gramado. Proceedings of the 23rd Brazillian Symposium on Multimedia and the Web - WebMedia '17	RODRIGUES, KAMILA R.H. ; VIEL, CAIO C. ; ZAINE, ISABELA ; CUNHA, BRUNA C.R. ; SCALCO, LEONARDO F. ; PIMENTEL, MARIA G.C.		
resumoExpandidoEmCongresso	Bruna Carolina Rodrigues da Cunha	2017	Opportunistic Collaborative Mobile-Based Multimedia Authoring Based on the Capture of Live Experiences	the 2017 ACM Symposium, 2017, Valletta. Proceedings of the 2017 ACM Symposium on Document Engineering - DocEng '17	M. USCAMAYTA, A. OMAR ; CUNHA, BRUNA C.R. ; MARTINS, DIOGO S. ; PIMENTEL, MARIA G.		
resumoExpandidoEmCongresso	Bruna Carolina Rodrigues da Cunha	2016	ESPIM	the 22nd Brazilian Symposium, 2016	ZAINE, ISABELA ; RODRIGUES, KAMILA R.H. ; DA CUNHA, BRUNA C.R. ; VIEL, CAIO C. ; ORLANDO, ALEX F. ; MACHADO NETO, OLIBÁRIO J. ; MAGAGNATTO, YURI ; PIMENTEL, MARIA DAS GRAÇAS C.		
resumoExpandidoEmCongresso	Bruna Carolina Rodrigues da Cunha	2016	Monitoring Techniques via Mobile Devices: A Case Study for Supporting Aging in Place	22º Simpósio Brasileiro de Sistemas Multimídia e Web (WebMedia' 16), 2016, Teresina - PI. XVI Workshop de Teses e Dissertações (WTD). Porto Alegre - RS: Sociedade Brasileira de Computação (SBC)	CUNHA, BRUNA CAROLINA RODRIGUES; PIMENTEL, MARIA DA GRAÇA CAMPOS		
resumoExpandidoEmCongresso	Bruna Carolina Rodrigues da Cunha	2013	MoViA	the 2013 ACM symposium, 2013	CUNHA, BRUNA C.R.; MACHADO NETO, OLIBÁRIO J. ; PIMENTEL, MARIA DA GRAÇA		
resumoExpandidoEmCongresso	Bruna Carolina Rodrigues da Cunha	2013	A heuristic evaluation of a mobile annotation tool	the 19th Brazilian symposium, 2013	CUNHA, BRUNA CAROLINA RODRIGUES; MACHADO NETO, OLIBARIO J. ; PIMENTEL, MARIA DA GRACA C.		
resumoExpandidoEmCongresso	Bruna Carolina Rodrigues da Cunha	2012	Video annotation and navigation on mobile devices	the 18th Brazilian symposium, 2012	CUNHA, BRUNA C.R.; PEDROSA, DIOGO ; GOULARTE, RUDINEI ; PIMENTEL, MARIA DA GRAÇA CAMPOS		
artigoEmPeriodico	Rogério Aparecido Campanari Xavier	2021	1900-6586	http://dx.doi.org/10.21830/19006586.728	La realidad virtual como herramienta para la educaciÃ³n bÃ¡sica y profesional	Revista Científica General José María Córdova	SOUSA-FERREIRA, REGIVALDO ; CAMPANARI-XAVIER, ROGÉRIO APARECIDO ; RODRIGUES-ANCIOTO, ALEX SANDRO		
trabalhoCompletoEmCongresso	Rogério Aparecido Campanari Xavier	2014	http://dx.doi.org/10.1007/978-3-642-40654-6_24	Measuring the emotional experience of users through a hybrid semantic approach	XIII Simpósio Brasileiro Sobre Fatores Humanos em Sistemas Computacionais	XAVIER, R. A. C.; NERIS, V. P. A.		
trabalhoCompletoEmCongresso	Rogério Aparecido Campanari Xavier	2012	http://dx.doi.org/10.5220/0004003600450053	A Hybrid Evaluation Approach for the Emotional State of Information Systems Users	14th International Conference on Enterprise Information Systems	Campanari Xavier R.; Almeida Neris V.		
trabalhoCompletoEmCongresso	Rogério Aparecido Campanari Xavier	2012		Decisões de design de interfaces ruins e o impacto delas na interação: um estudo preliminar considerando o estado emocional de idosos	Simpósio Brasileiro sobre Fatores Humanos em Sistemas Computacionais	Rogério Aparecido Campanari Xavier; Franco Eusébio Garcia ; Vania Paula de Almeida Neris		
trabalhoCompletoEmCongresso	Rogério Aparecido Campanari Xavier	2010		Sistema de Rastreamento de Vulnerabilidades em Aplicações WEB: Ferramenta OpenTracker	Congresso de Inovação com Tecnologias Open Source (CITOS 2010)	XAVIER, R. A. C.; PEREIRA, F. D.		
artigoEmPeriodico	Thiago Pedro Donadon Homem	2021	0921-0296	http://dx.doi.org/10.1007/s10846-021-01336-y	Detecting Soccer Balls with Reduced Neural Networks	JOURNAL OF INTELLIGENT & ROBOTIC SYSTEMS	MENEGHETTI, DOUGLAS DE RIZZO ; Homem, Thiago Pedro Donadon ; DE OLIVEIRA, JONAS HENRIQUE RENOLFI ; SILVA, ISAAC JESUS DA ; PERICO, DANILO HERNANI ; BIANCHI, REINALDO AUGUSTO DA COSTA		
artigoEmPeriodico	Thiago Pedro Donadon Homem	2021	2500-7645	http://dx.doi.org/10.21830/19006586.725	Aplicación de inteligencia artificial para monitorear el uso de mascarillas de protección	Revista colombiana de estudios militares y estratégicos	OLIVEIRA-TEIXEIRA, FABIO ; DONADON-HOMEM, THIAGO PEDRO ; PEREIRA-JUNIOR, ALEXANDRE		
artigoEmPeriodico	Thiago Pedro Donadon Homem	2021	2319-0566	http://dx.doi.org/10.22481/recuesb.v9i15.8638	PERCEPÇÕES DA APLICAÇÃO DO PROJETO -EMPODERAMENTO FEMININO ATRAVÉS DA GERAÇÃO DE RENDA PELAS VENDAS-	REVISTA EXTENSÃO & CIDADANIA	OLIVEIRA, CLAUDIA ; SANTANA, KAMILI OLIVEIRA ; BASILE, FELIPE RODRIGUES MARTINEZ ; Homem, Thiago Pedro Donadon		
artigoEmPeriodico	Thiago Pedro Donadon Homem	2021	0921-0296	http://dx.doi.org/10.1007/s10846-021-01333-1	Deep Reinforcement Learning for a Humanoid Robot Soccer Player	JOURNAL OF INTELLIGENT & ROBOTIC SYSTEMS	DA SILVA, ISAAC JESUS ; PERICO, D. H. ; HOMEM, Thiago Pedro Donadon ; DA COSTA BIANCHI, REINALDO AUGUSTO		
artigoEmPeriodico	Thiago Pedro Donadon Homem	2020	0004-3702	http://dx.doi.org/10.1016/j.artint.2020.103258	Qualitative case-based reasoning and learning	ARTIFICIAL INTELLIGENCE	Homem, Thiago Pedro Donadon; SANTOS, PAULO EDUARDO ; REALI COSTA, ANNA HELENA ; DA COSTA BIANCHI, REINALDO AUGUSTO ; LOPEZ DE MANTARAS, RAMON		
artigoEmPeriodico	Thiago Pedro Donadon Homem	2018	2195-3880	http://dx.doi.org/10.1007/s40313-018-0390-y	Humanoid Robot Framework for Research on Cognitive Robotics	JOURNAL OF CONTROL, AUTOMATION AND ELECTRICAL SYSTEMS	PERICO, DANILO H. ; Homem, Thiago P. D. ; ALMEIDA, AISLAN C. ; SILVA, ISAAC J. ; Vilão, Claudio O. ; FERREIRA, VINICIUS N. ; Bianchi, Reinaldo A. C.		
artigoEmPeriodico	Thiago Pedro Donadon Homem	2017	0921-7126	http://dx.doi.org/10.3233/AIC-170735	Retrieving and reusing qualitative cases: An application in humanoid-robot soccer	AI COMMUNICATIONS	HOMEM, Thiago Pedro Donadon; PERICO, D. H. ; SANTOS, PAULO EDUARDO ; BIANCHI, REINALDO AUGUSTO DA COSTA ; DE MANTARAS, RAMON LOPEZ		
artigoEmPeriodico	Thiago Pedro Donadon Homem	2017	0160-5682	http://dx.doi.org/10.1057/s41274-016-0027-0	A hybrid approach combining interior-point and branch-and-bound methods applied to the problem of sugar cane waste	JOURNAL OF THE OPERATIONAL RESEARCH SOCIETY	LIMA, CAMILA DE ; BALBO, Antonio Roberto ; Homem, Thiago Pedro Donadon ; FLORENTINO SILVA, HELENICE DE OLIVEIRA		
artigoEmPeriodico	Thiago Pedro Donadon Homem	2011	0969-6016	http://dx.doi.org/10.1111/j.1475-3995.2011.00818.x	Multiobjective 0-1 integer programming for the use of sugarcane residual biomass in energy cogeneration	International Transactions in Operational Research	De Oliveira Florentino, Helenice ; De Lima, Adriano Dawison ; De Carvalho, LÃ­dia Raquel ; BALBO, Antonio Roberto ; HOMEM, Thiago Pedro Donadon		
artigoEmPeriodico	Thiago Pedro Donadon Homem	2011	0101-7438	http://dx.doi.org/10.1590/S0101-74382011000300009	Heterogeneity correction in the construction of optimized planning in radiotherapy using linear programming	Pesquisa Operacional (Impresso)	Viana, Rodrigo Sartorelo Salemi ; FLORENTINO, Helenice de Oliveira ; Lima, Ernesto Augusto Bueno da Fonseca ; Fonseca, Paulo Roberto da ; Homem, Thiago Pedro Donadon		
artigoEmPeriodico	Thiago Pedro Donadon Homem	2011	1548-0992	http://dx.doi.org/10.1109/TDC-LA.2010.5762951	Optimal Energy Generation with Biomass of Sugarcane Harvest	Revista IEEE América Latina	HOMEM, Thiago Pedro Donadon; BALBO, A. R. ; SILVA, H. O. F.		
trabalhoCompletoEmCongresso	Thiago Pedro Donadon Homem	2020	http://dx.doi.org/10.1007/978-3-642-21198-0_72	Estratégia de Comunicação Síncrona para interatividade e construção do conhecimento na perspectiva do mundo Pós-Covid-19: Relato de Experiência	CIET:EnPED:2020 - (Congresso Internacional de Educação e Tecnologias | Encontro de Pesquisadores em Educação a Distância	FERREIRA, R. S. ; MONTANHER, R. C. ; BASILE, F. R. M. ; Homem, Thiago P. D. ; LOPEZ, L. J. R.		
trabalhoCompletoEmCongresso	Thiago Pedro Donadon Homem	2019	http://dx.doi.org/10.1109/lars-sbr-wre48964.2019.00013	Object Detection under Constrained Hardware Scenarios: A Comparative Study of Reduced Convolutional Network Architectures	2019 Latin American Robotics Symposium (LARS)	RENOLFI DE OLIVEIRA, JONAS HENRIQUE ; JESUS DA SILVA, ISAAC ; DONADON HOMEM, THIAGO PEDRO ; DE RIZZO MENEGHETTI, DOUGLAS ; HERNANI PERICO, DANILO ; DA COSTA BIANCHI, REINALDO AUGUSTO		
trabalhoCompletoEmCongresso	Thiago Pedro Donadon Homem	2017	http://dx.doi.org/10.1109/bracis.2017.63	Improving Reinforcement Learning Results with Qualitative Spatial Representation	2017 Brazilian Conference on Intelligent Systems (BRACIS)	Homem, Thiago Pedro Donadon; PERICO, DANILO HERNANI ; SANTOS, PAULO EDUARDO ; COSTA, ANNA HELENA REALI ; BIANCHI, REINALDO AUGUSTO DA COSTA		
trabalhoCompletoEmCongresso	Thiago Pedro Donadon Homem	2017	http://dx.doi.org/10.1109/SBR-LARS-R.2017.8215309	A hybrid approach to learn, retrieve and reuse qualitative cases	2017 Latin American Robotics Symposium (LARS) and 2017 Brazilian Symposium on Robotics (SBR)	Homem, Thiago P. D.; PERICO, DANILO H. ; Santos, Paulo E. ; COSTA, ANNA H. R. ; Bianchi, Reinaldo A. C. ; DE MANTARAS, RAMON LOPEZ		
trabalhoCompletoEmCongresso	Thiago Pedro Donadon Homem	2016	http://dx.doi.org/10.1109/lars-sbr.2016.60	A Robot Simulator Based on the Cross Architecture for the Development of Cognitive Robotics	2016 XIII Latin American Robotics Symposium and IV Brazilian Robotics Symposium (LARS/SBR)	PERICO, DANILO H. ; HOMEM, THIAGO P.D. ; ALMEIDA, AISLAN C. ; SILVA, ISAAC J. ; VILAO, CLAUDIO O. ; FERREIRA, VINICIUS N. ; BIANCHI, REINALDO A.C.		
trabalhoCompletoEmCongresso	Thiago Pedro Donadon Homem	2015	http://dx.doi.org/10.1109/lars-sbr.2015.41	Using Reinforcement Learning to Improve the Stability of a Humanoid Robot: Walking on Sloped Terrain	2015 12th Latin American Robotics Symposium (LARS) and 2015 3rd Brazilian Symposium on Robotics (LARSSBR)	SILVA, ISAAC J. ; PERICO, DANILO H. ; HOMEM, THIAGO P.D. ; VILAO, CLAUDIO O. ; TONIDANDEL, FLAVIO ; BIANCHI, REINALDO A.C.		
trabalhoCompletoEmCongresso	Thiago Pedro Donadon Homem	2014	http://dx.doi.org/10.1109/sbr.lars.robocontrol.2014.51	A Single Camera Vision System for a Humanoid Robot	2014 Joint Conference on Robotics: SBRLARS Robotics Symposium and Robocontrol (SBR LARS Robocontrol)	VILAO, CLAUDIO O. ; PERICO, DANILO H. ; SILVA, ISAAC J. ; HOMEM, THIAGO P.D. ; TONIDANDEL, FLAVIO ; BIANCHI, REINALDO A.C.		
trabalhoCompletoEmCongresso	Thiago Pedro Donadon Homem	2014	http://dx.doi.org/10.1109/sbr.lars.robocontrol.2014.39	Hardware and Software Aspects of the Design and Assembly of a New Humanoid Robot for RoboCup Soccer	2014 Joint Conference on Robotics: SBRLARS Robotics Symposium and Robocontrol (SBR LARS Robocontrol)	PERICO, DANILO H. ; SILVA, ISAAC J. ; VILAO, CLAUDIO O. ; HOMEM, THIAGO P.D. ; DESTRO, RICARDO C. ; TONIDANDEL, FLAVIO ; BIANCHI, REINALDO A.C.		
trabalhoCompletoEmCongresso	Thiago Pedro Donadon Homem	2011		Métodos de Pontos Interiores e Branch and Bound em Problemas de Biomassa Residual da Cana-de-Açúcar	Congresso de Matemática Aplicada e Computacional da Região Sudeste	BALBO, Antonio Roberto ; HOMEM, Thiago Pedro Donadon ; FLORENTINO, Helenice de Oliveira		
trabalhoCompletoEmCongresso	Thiago Pedro Donadon Homem	2010		O Comportamento de Métodos Híbridos de Pontos Interiores e Branch-and-Bound em Problemas de Resíduos de Cana-de-Açucar	9th Brazilian Conference on Dynamics	HOMEM, Thiago Pedro Donadon; BALBO, Antonio Roberto ; FLORENTINO, Helenice de Oliveira		
trabalhoCompletoEmCongresso	Thiago Pedro Donadon Homem	2009		Resolução de PPLIB através dos métodos de Pontos Interiores e Branch and Bound: uma aplicação no contexto agronômico	8th Brazilian Conference on Dynamics	HOMEM, Thiago Pedro Donadon; BALBO, Antonio Roberto ; FLORENTINO, Helenice de Oliveira ; VIANNA, Andréa Carla Gonçalves		
trabalhoCompletoEmCongresso	Thiago Pedro Donadon Homem	2009		Otimização de Planos para Radioterapia Conformacional via Programação Linear	Dincon09 - 8th Brazilian Conference on Dynamics	Viana, R. S. ; FLORENTINO, Helenice de Oliveira ; FONSECA FILHO, P. R. ; LIMA, E. A. B. F. ; HOMEM, Thiago Pedro Donadon		
trabalhoCompletoEmCongresso	Thiago Pedro Donadon Homem	2009		Correção de heterogeneidades na composição tecidual para a construção de planejamentos otimizados em radioterapia utilizando programação linear	Congresso de Física Aplicada a Medicina	Viana, R. S. ; FLORENTINO, Helenice de Oliveira ; FONSECA FILHO, P. R. ; LIMA, E. A. B. F. ; HOMEM, Thiago Pedro Donadon		
trabalhoCompletoEmCongresso	Thiago Pedro Donadon Homem	2008		Procedimento híbrido envolvendo métodos de pontos interiores e Branch-Bound em problemas multi-objetivo de aproveitamento da biomasssa residual da cana-de-açucar	XL SBPO - Simpósio Brasileiro de Pesquisa Operacional	BALBO, Antonio Roberto ; HOMEM, Thiago Pedro Donadon ; FLORENTINO, Helenice de Oliveira ; VIANNA, Andréa Carla Gonçalves		
resumoExpandidoEmCongresso	Thiago Pedro Donadon Homem	2020	Uma aplicação do método Q-learning na navegação de robôs móveis	11º Congresso de Inovação, Ciência e Tecnologia - CONICT, 2020, Presidente Epitácio. Anais do 11º Congresso de Inovação, Ciência e Tecnologia - CONICT	SILVA, L. C. R. ; Homem, Thiago P. D.		
resumoExpandidoEmCongresso	Thiago Pedro Donadon Homem	2020	Aplicação de visão computacional para o monitoramento do uso de máscaras de proteção	11º Congresso de Inovação, Ciência e Tecnologia - CONICT, 2020, Presidente Epitácio. Anais do 11º Congresso de Inovação, Ciência e Tecnologia - CONICT	PEREIRA JUNIOR, A. ; TEIXEIRA, F. O. ; Homem, Thiago P. D.		
resumoExpandidoEmCongresso	Thiago Pedro Donadon Homem	2014	Investigação dos Métodos de Aprendizado por Reforço e Campos Potenciais Artificiais e aplicação no planejamento da trajetória de robôs humanoides	Simpósio de Pesquisa do Grande ABC, 2014, São Bernardo do Campo. Anais do Simpósio de Pesquisa do Grande ABC. São Bernardo do Campo	Homem, Thiago Pedro Donadon; BIANCHI, R. A. C.		
resumoExpandidoEmCongresso	Thiago Pedro Donadon Homem	2014	Integração por Monte Carlo: Estudo do Método Aplicado nos Cálculos de Volume e Centro de Massa de um Toroide Parcial	Simpósio de Pesquisa do Grande ABC, 2014, São Bernardo do Campo. Anais do Simpósio de Pesquisa do Grande ABC. São Bernardo do Campo	PERICO, D. H. ; HOMEM, Thiago Pedro Donadon ; SILVA, I. J. ; BIANCHI, R. A. C.		
resumoExpandidoEmCongresso	Thiago Pedro Donadon Homem	2011	MÉTODOS HÍBRIDOS DE PONTOS INTERIORES E DE PROGRAMAÇÃO INTEIRA 0-1 EM PROBLEMAS DE RESÍDUOS DA CANA-DE-AÇÚCAR	Conferência Brasileira de Dinâmica, Controle e Aplicações	LIMA, CAMILA DE ; BALBO, ANTÔNIO ROBERTO ; Homem, Thiago Pedro Donadon ; SILVA, HELENICE DE OLIVEIRA FLORENTINO		
resumoExpandidoEmCongresso	Thiago Pedro Donadon Homem	2011	O MÉTODO PRIMAL-DUAL DE PONTOS INTERIORES NO PLANEJAMENTO DO TRATAMENTO POR RADIOTERAPIA	Conferência Brasileira de Dinâmica, Controle e Aplicações	MARTINS, ANDRÉA CAMILA DOS SANTOS ; SILVA, HELENICE DE OLIVEIRA FLORENTINO ; BALBO, ANTÔNIO ROBERTO ; Homem, Thiago Pedro Donadon		
resumoExpandidoEmCongresso	Thiago Pedro Donadon Homem	2008	Application of a Hybrid Procedure Involving the Primal-Dual Interior Point Method and the Branch and Bound Method in the Sugarcane Trash Utilization Problems	7th Dincon - 7th Brazilian Conference on Dynamics, Control and Applications, 2008, Presidente Prudente - SP. Anais do 7th DINCON. Presidente Prudente - SP	HOMEM, Thiago Pedro Donadon; BALBO, Antonio Roberto ; FLORENTINO, Helenice de Oliveira ; VIANNA, Andréa Carla Gonçalves		
resumoExpandidoEmCongresso	Thiago Pedro Donadon Homem	2008	Aplicação de um Procedimento Híbrido Envolvendo o Método Primal-Dual de Pontos Interiores e o Método Branch and Bound em problemas de aproveitamento de resíduos de colheita de cana-de-açucar	I ERMAC - 1o Encontro Regional de Matemática Aplicada e Computacional, 2008, Bauru - SP. Resumos e Minicursos do I Encontro Regional de Matemática Aplicada e Computacional. Bauru - SP	HOMEM, Thiago Pedro Donadon; BALBO, Antonio Roberto ; FLORENTINO, Helenice de Oliveira ; VIANNA, Andréa Carla Gonçalves		
artigoEmPeriodico	Nadjila Tejo Machado	2021	1900-6586	http://dx.doi.org/10.21830/19006586.726	Protocolo de informática forense ante ciberincidentes en telemedicina para preservar información como primera respuesta	Revista Científica General José María Córdova	TEJO-MACHADO, NADJILA ; RODRIGUES-MARTINEZ-BASILE, FELIPE ; CEZAR-AMATE, FLAVIO ; RAMÍREZ-LÓPEZ, LEONARDO JUAN		
artigoEmPeriodico	Nadjila Tejo Machado	2017	2317-7136		Coordenação no tiro com arco: diferenças entre o iniciante e o atleta de nível internacional	ARQUIVOS DE CIÊNCIAS DO ESPORTE	MACHADO, N. T.; REISER, F. C. ; SANTOS, E. S. P. ; VALTNER, T. T. ; ERVILHA, U. F. ; AOKI, M. S. ; MAGALHAES, F. H. ; MOCHIZUKI, L.		
artigoEmPeriodico	Nadjila Tejo Machado	2011	1514-3465	http://www.scopus.com/scopus/inward/citedby.url?partnerID=bb5nvXTn&rel=R6.0.0&doi=null&md5=f8a2d9f8af7e0fb17f9968fbbee28b49	Vida dos lutadores de sumô. Os Yokozunas e os aspectos da cultura japonesa e seu respeito pelas artes marciais e seus praticantes	Lecturas Educación Física y Deportes (Buenos Aires)	TOLEDO, D. C. ; MACHADO, N. T. ; OLIVEIRA, T. R. ; ALMEIDA, M. A. B.		
resumoExpandidoEmCongresso	Nadjila Tejo Machado	2021	Investigação de splicing e cloning em imagens nos cenários da telemedicina por meio da forense computacional	Congresso de Inovação, Ciência e Tecnologia do IFSP, 2021, Cubatão. Anais do Congresso de Inovação, Ciência e Tecnologia do IFSP	MACHADO, N. T.; LOPEZ, L. J. R. ; AMATE, F. C. ; BASILE, F. R. M.		
resumoExpandidoEmCongresso	Nadjila Tejo Machado	2021	Desenvolvimento de aplicativo móvel para gestão de dados na atenção primária em Unidade Básica de Saúde	Congresso de Inovação, Ciência e Tecnologia do IFSP, 2021, Cubatão. Anais do Congresso de Inovação, Ciência e Tecnologia do IFSP,	ALECRIM, T. B. ; SOUZA, L. S. ; MACHADO, N. T. ; MONTANHER, R. C.		
